{"binance": {"bitcoin": 61249.24, "ethereum": 4282.64, "binance-coin": 519.6, "cardano": 1.97, "solana": 192.15}, "bitfinex": {"bitcoin": 61264.0, "ethereum": 4283.1, "binance-coin": null, "cardano": 1.9702, "solana": 192.2}, "bithumb": {"bitcoin": 61251.13, "ethereum": 4282.51, "binance-coin": 520.23, "cardano": 1.9688, "solana": 190.935}, "coinbase": {"bitcoin": 61243.71, "ethereum": 4280.38, "binance-coin": 519.59516, "cardano": 1.96981, "solana": 192.214}, "ftx": {"bitcoin": 61253.0, "ethereum": 4283.2, "binance-coin": 519.782, "cardano": null, "solana": 192.1175}, "gate": {"bitcoin": 61249.991, "ethereum": 4282.761, "binance-coin": 519.90179, "cardano": 1.96981, "solana": 192.1649}, "huobi": {"bitcoin": 61253.4, "ethereum": 4283.4, "binance-coin": null, "cardano": 1.97108, "solana": 192.154}, "kucoin": {"bitcoin": 61249.7, "ethereum": 4283.49, "binance-coin": 519.759, "cardano": 1.970213, "solana": 192.131}}